name,type,distance,moving_time,average_heartrate,total_elevation_gain,workout_type,start_date_local,mile_pace,week_start,is_warmup_cooldown,pace_percentile,distance_percentile
Failed Half Marathon üòÖ,Run,9.0324375,67.46666666666667,170.6,0.0,Long Run,2026-01-30 06:31:18,7.469375422378142,2026-01-26,False,0.5159235668789809,0.9171974522292994
Afternoon Run,Run,5.0291875,34.93333333333333,174.5,0.0,None,2026-01-17 17:27:44,6.946118698762639,2026-01-12,False,0.7643312101910829,0.6751592356687898
Morning Treadmill with David,Run,4.2145,31.416666666666668,180.2,0.0,None,2026-01-07 06:21:37,7.45442322141812,2026-01-05,False,0.5286624203821656,0.6050955414012739
Morning Run,Run,1.9926249999999999,19.033333333333335,145.7,15.7,Easy Run,2025-12-31 08:44:08,9.551889258306675,2025-12-29,False,0.025477707006369428,0.34394904458598724
Morning Run,Run,4.69875,41.583333333333336,160.6,74.3,None,2025-12-27 09:17:11,8.849871419703822,2025-12-22,False,0.050955414012738856,0.6560509554140127
12Ks of Christmas 2025,Run,7.552125,54.35,175.4,0.0,None,2025-12-24 09:14:57,7.19664994951752,2025-12-22,False,0.6815286624203821,0.8853503184713376
ELIIIII,Run,6.7103125,50.61666666666667,160.4,164.9,None,2025-12-19 09:43:06,7.54311616138096,2025-12-15,False,0.445859872611465,0.8535031847133758
Free from finals!,Run,8.04675,69.65,161.5,0.0,Long Run,2025-12-16 17:01:49,8.655668437567964,2025-12-15,False,0.05732484076433121,0.9044585987261147
CS done! Up next: Chem,Run,5.0291875,37.983333333333334,155.2,0.0,None,2025-12-08 13:05:45,7.552578489732851,2025-12-08,False,0.43312101910828027,0.6751592356687898
Treadmill,Run,3.842125,28.083333333333332,166.1,0.0,None,2025-12-04 18:34:04,7.309323182700545,2025-12-01,False,0.6242038216560509,0.5668789808917197
Afternoon Run,Run,5.0291875,41.983333333333334,157.7,0.0,None,2025-11-29 16:46:50,8.347935592644603,2025-11-24,False,0.09554140127388536,0.6751592356687898
Turkey Trot 10K,Run,6.25,46.0,,0.0,None,2025-11-27 16:40:36,7.36,2025-11-24,False,0.5923566878980892,0.7898089171974523
5 mile treadmill,Run,5.5425,38.65,158.4,0.0,None,2025-11-24 17:49:52,6.97338746053225,2025-11-24,False,0.7515923566878981,0.7515923566878981
Afternoon Run,Run,7.0,54.35,160.7,0.0,None,2025-11-18 17:14:56,7.764285714285714,2025-11-17,False,0.27388535031847133,0.8662420382165605
Lunch Run,Run,10.065249999999999,71.48333333333333,171.4,97.7,Long Run,2025-11-08 11:23:24,7.101992830116822,2025-11-03,False,0.7197452229299363,0.9363057324840764
Treadmill,Run,4.77775,36.35,165.3,0.0,None,2025-11-01 21:43:04,7.608183768510282,2025-10-27,False,0.39490445859872614,0.6624203821656051
Pre Linear Algebra Midterm Shakeout,Run,5.728624999999999,43.75,157.2,52.8,Easy Run,2025-10-21 17:06:43,7.637085688101422,2025-10-20,False,0.3630573248407643,0.7643312101910829
Morning Run,Run,4.0355,36.2,133.1,22.6,None,2025-10-16 10:14:21,8.970387808202206,2025-10-13,False,0.03821656050955414,0.5923566878980892
Treadmill,Run,8.247875,59.65,,0.0,Long Run,2025-10-10 23:21:42,7.2321658609035655,2025-10-06,False,0.6560509554140127,0.910828025477707
Evening Run,Run,6.548375,48.63333333333333,163.4,54.3,None,2025-10-05 20:10:01,7.426778908253319,2025-09-29,False,0.5605095541401274,0.821656050955414
Night Run,Run,5.484125000000001,37.983333333333334,169.2,57.9,None,2025-10-02 21:53:59,6.926051709859518,2025-09-29,False,0.7707006369426752,0.7452229299363057
Cut down?,Run,5.034875,35.483333333333334,175.8,24.5,None,2025-09-22 17:45:26,7.047510282446601,2025-09-22,False,0.7261146496815286,0.6942675159235668
Campus Run,Run,2.5651875,19.983333333333334,156.8,30.0,Easy Run,2025-08-31 09:40:48,7.790203770029807,2025-08-25,False,0.24203821656050956,0.3821656050955414
Waterloo Jog,Run,4.119625,39.416666666666664,133.6,38.4,None,2025-08-29 09:03:23,9.568022979437853,2025-08-25,False,0.01910828025477707,0.5987261146496815
Max‚Äôs First Half Marathon - 1:41:46,Run,13.2754375,102.26666666666667,162.0,209.4,Long Run,2025-08-23 07:22:19,7.703449823530612,2025-08-18,False,0.3248407643312102,0.9745222929936306
Morning Run,Run,3.1309375,27.033333333333335,149.2,45.9,None,2025-08-21 10:37:07,8.634261569684268,2025-08-18,False,0.07006369426751592,0.5286624203821656
La Croix Mile - 7:25 (Puke technical DQ),Run,1.0079375,5.566666666666666,147.2,0.0,Race,2025-08-20 20:56:02,5.52282920981377,2025-08-18,False,0.8343949044585988,0.20382165605095542
Wu,Run,0.5283125,4.583333333333333,164.6,0.0,Warmup/Cooldown,2025-08-20 19:56:31,8.675420955084979,2025-08-18,True,,
Morning Run,Run,5.349875,43.11666666666667,165.6,176.2,None,2025-08-20 10:15:27,8.05937833438476,2025-08-18,False,0.1464968152866242,0.7261146496815286
Morning Run,Run,6.5841875000000005,50.0,166.7,163.2,None,2025-08-18 09:48:02,7.593951417695805,2025-08-18,False,0.4012738853503185,0.8343949044585988
Lunch Run,Run,2.687875,20.85,169.5,34.5,Easy Run,2025-08-17 11:19:25,7.757057154815608,2025-08-11,False,0.2802547770700637,0.4140127388535032
Morning Run,Run,3.1430624999999996,24.216666666666665,165.1,103.9,None,2025-08-13 08:45:06,7.704799591693346,2025-08-11,False,0.3184713375796178,0.5414012738853503
Afternoon Run,Run,3.669875,28.416666666666668,158.7,42.2,None,2025-08-10 16:59:40,7.743224678406394,2025-08-04,False,0.2929936305732484,0.5477707006369427
Sunshine Coast Hike,Run,2.581875,41.5,104.0,185.1,Easy Run,2025-08-09 10:25:38,16.07358992979908,2025-08-04,False,0.006369426751592357,0.3885350318471338
All Out 5K üòÇ,Run,3.13875,22.55,164.3,0.0,None,2025-08-06 11:04:41,7.184388689765035,2025-08-04,False,0.6942675159235668,0.535031847133758
4x400m repeats with Winter,Run,0.9940000000000001,4.983333333333333,139.6,0.0,Workout,2025-08-01 10:04:37,5.013413816230718,2025-07-28,False,0.8662420382165605,0.1910828025477707
Wu,Run,0.7648125,5.783333333333333,156.8,0.0,Warmup/Cooldown,2025-08-01 09:52:23,7.561766228106017,2025-07-28,False,0.4267515923566879,0.15286624203821655
Speed test,Run,0.2531875,1.3,148.6,0.0,None,2025-07-30 11:41:06,5.134534682794372,2025-07-28,False,0.8535031847133758,0.012738853503184714
Morning Run,Run,4.296625000000001,32.833333333333336,173.9,104.3,None,2025-07-30 10:59:59,7.641656726694401,2025-07-28,False,0.35668789808917195,0.6369426751592356
Morning Run,Run,2.652625,20.116666666666667,156.4,35.1,Easy Run,2025-07-29 09:24:54,7.583682829901199,2025-07-28,False,0.40764331210191085,0.40764331210191085
Finally good weather,Run,6.680750000000001,50.0,144.1,175.4,None,2025-07-25 09:40:43,7.484189649365714,2025-07-21,False,0.5031847133757962,0.8471337579617835
Morning Run,Run,2.8049375,24.266666666666666,151.1,38.6,Easy Run,2025-07-23 10:36:07,8.651410830603771,2025-07-21,False,0.06369426751592357,0.45222929936305734
Morning Run,Run,2.7191875,19.966666666666665,147.2,42.2,Easy Run,2025-07-21 10:02:24,7.342879689858337,2025-07-21,False,0.5987261146496815,0.4267515923566879
Lunch Run,Run,4.2565625,35.0,150.8,104.8,None,2025-07-19 11:17:40,8.222597459804712,2025-07-14,False,0.10828025477707007,0.6114649681528662
Rolled running with Winter,Run,2.6219375,20.0,149.9,34.3,Easy Run,2025-07-18 07:59:18,7.627946890419775,2025-07-14,False,0.36942675159235666,0.39490445859872614
Morning Run,Run,2.7163749999999998,22.316666666666666,156.3,57.4,Easy Run,2025-07-15 09:39:27,8.215605969966102,2025-07-14,False,0.11464968152866242,0.42038216560509556
Morning Run,Run,5.1291875000000005,38.4,162.8,93.7,None,2025-07-11 10:23:37,7.486565854728453,2025-07-07,False,0.4968152866242038,0.7070063694267515
Morning Run,Run,4.265,31.95,163.2,103.9,None,2025-07-09 10:57:53,7.491207502930833,2025-07-07,False,0.49044585987261147,0.6178343949044586
Afternoon Run,Run,6.558,50.0,170.0,166.6,None,2025-07-07 13:08:53,7.624275693809088,2025-07-07,False,0.37579617834394907,0.8280254777070064
Struggling after five days of cruise overindulgence,Run,4.026,31.883333333333333,165.3,135.0,None,2025-07-05 11:01:48,7.919357509521444,2025-06-30,False,0.17834394904458598,0.5859872611464968
Morning Run,Run,6.4131875,58.21666666666667,147.9,58.3,None,2025-06-28 07:16:47,9.077649244882778,2025-06-23,False,0.03184713375796178,0.7961783439490446
Run,Run,6.4843125,50.016666666666666,155.6,150.0,None,2025-06-25 16:23:23,7.713488001490778,2025-06-23,False,0.3057324840764331,0.8089171974522293
NON Wu,Run,1.398125,10.8,159.2,14.8,Warmup/Cooldown,2025-06-20 10:43:43,7.724631202503353,2025-06-16,False,0.29936305732484075,0.3057324840764331
Afternoon Run,Run,2.794375,21.266666666666666,154.0,40.6,Easy Run,2025-06-16 16:12:23,7.610527100574069,2025-06-16,False,0.3885350318471338,0.445859872611465
Lunch Run,Run,6.636875,50.016666666666666,154.0,172.9,None,2025-06-14 11:17:19,7.536177292274854,2025-06-09,False,0.45222929936305734,0.8407643312101911
Afternoon Run,Run,2.95,22.583333333333332,140.7,37.4,Easy Run,2025-06-12 17:08:41,7.655367231638417,2025-06-09,False,0.34394904458598724,0.47770700636942676
Light at the End of the Tunnel Marathon,Run,26.02775,175.5,171.0,129.7,Long Run,2025-06-08 07:00:07,6.7428033541124375,2025-06-02,False,0.802547770700637,1.0
Wu,Run,0.44231250000000005,3.3333333333333335,157.5,3.6,Warmup/Cooldown,2025-06-08 06:50:13,7.5361499693843905,2025-06-02,False,0.4585987261146497,0.050955414012738856
Pre-Marathon Shakeout,Run,2.6405624999999997,20.0,152.8,87.6,Easy Run,2025-06-07 14:29:47,7.5741437667163725,2025-06-02,False,0.4140127388535032,0.4012738853503185
Afternoon Run,Run,3.0228750000000004,23.883333333333333,137.6,40.6,None,2025-06-06 16:25:03,7.9008670002343235,2025-06-02,False,0.18471337579617833,0.5159235668789809
Afternoon Run,Run,3.0169375,23.483333333333334,144.1,42.1,Easy Run,2025-06-05 16:11:46,7.783831562083515,2025-06-02,False,0.25477707006369427,0.49044585987261147
Afternoon Run,Run,2.9943125,23.416666666666668,140.6,37.8,Easy Run,2025-06-03 16:21:09,7.820381695853946,2025-06-02,False,0.21019108280254778,0.4840764331210191
Lunch Run,Run,10.1871875,74.33333333333333,151.1,13.1,Long Run,2025-06-02 11:56:21,7.296747343988057,2025-06-02,False,0.6305732484076433,0.9426751592356688
Morning Run,Run,5.033625,37.86666666666667,149.3,95.7,None,2025-05-30 08:16:32,7.522742887415465,2025-05-26,False,0.4713375796178344,0.6878980891719745
18 miles!,Run,18.108625,133.91666666666666,152.5,270.9,Long Run,2025-05-29 16:05:17,7.39518691599537,2025-05-26,False,0.5796178343949044,0.9936305732484076
Afternoon Run,Run,1.4786875000000002,12.5,144.3,45.1,Easy Run,2025-05-28 14:49:47,8.453442664525127,2025-05-26,False,0.08917197452229299,0.3184713375796178
Afternoon Run,Run,1.4273125,10.166666666666666,140.9,2.9,Easy Run,2025-05-28 13:45:00,7.122943760855921,2025-05-26,False,0.7070063694267515,0.31210191082802546
16 miler,Run,16.342,122.13333333333334,156.4,287.4,Long Run,2025-05-27 15:47:21,7.473585444458044,2025-05-26,False,0.5095541401273885,0.9872611464968153
Marathon Pace Training ~6:50min/mile,Run,7.681,51.55,157.5,100.4,None,2025-05-26 16:27:48,6.711365707590157,2025-05-26,False,0.8089171974522293,0.89171974522293
Longest run so far,Run,14.505374999999999,104.85,155.2,330.4,Long Run,2025-05-24 09:57:51,7.228355006333859,2025-05-19,False,0.6687898089171974,0.9808917197452229
Afternoon Run,Run,4.3085625,32.333333333333336,140.5,104.8,None,2025-05-23 16:58:13,7.504436417792091,2025-05-19,False,0.4840764331210191,0.643312101910828
Long run,Run,11.1704375,85.11666666666666,144.9,229.7,Long Run,2025-05-21 16:00:16,7.619814950548415,2025-05-19,False,0.3821656050955414,0.9681528662420382
More Wu,Run,0.754375,6.0,,0.0,Warmup/Cooldown,2025-05-20 23:30:00,7.953603976801988,2025-05-19,True,,
Cd,Run,1.0248125000000001,8.0,153.6,0.0,Warmup/Cooldown,2025-05-20 17:13:40,7.806306031591144,2025-05-19,False,0.22929936305732485,0.21019108280254778
Tempo 5 miles @6:30,Run,5.1903125,32.416666666666664,161.6,0.0,Workout,2025-05-20 16:35:27,6.2456098099424,2025-05-19,False,0.821656050955414,0.7133757961783439
Wu,Run,0.7570625,5.85,136.1,0.0,Warmup/Cooldown,2025-05-20 16:06:04,7.727235201849252,2025-05-19,True,,
Afternoon Run,Run,5.3458749999999995,40.35,147.5,119.7,None,2025-05-19 16:45:28,7.547875698552623,2025-05-19,False,0.4394904458598726,0.7197452229299363
Afternoon Run,Run,0.5098125,3.783333333333333,136.7,0.0,Easy Run,2025-05-19 16:18:34,7.421028973070165,2025-05-19,False,0.5668789808917197,0.09554140127388536
Long run - Marathon lock-in begins,Run,10.063125,73.78333333333333,,248.2,Long Run,2025-05-18 09:15:09,7.332049769165477,2025-05-12,False,0.6114649681528662,0.9299363057324841
Kingco 800 - 2:00.23 Photo Finish PR!,Run,0.5029375,2.0,,0.0,Race,2025-05-17 21:35:00,3.976637256120293,2025-05-12,False,0.9745222929936306,0.08598726114649681
Wu,Run,1.71975,13.383333333333333,,4.0,Warmup/Cooldown,2025-05-17 14:01:00,7.7821388767747255,2025-05-12,False,0.2611464968152866,0.3375796178343949
Pre-meet,Run,2.779375,21.716666666666665,159.5,37.8,Easy Run,2025-05-16 16:48:13,7.813507233340829,2025-05-12,False,0.21656050955414013,0.4394904458598726
Afternoon Run,Run,0.5109375,3.85,139.6,0.0,Easy Run,2025-05-16 16:22:39,7.535168195718654,2025-05-12,False,0.46496815286624205,0.10828025477707007
18th B-Day run with Winter!,Run,4.2865,29.316666666666666,147.9,103.9,None,2025-05-15 16:32:39,6.839301683580232,2025-05-12,False,0.7898089171974523,0.6305732484076433
Afternoon Run,Run,0.314125,1.2833333333333334,117.9,0.0,None,2025-05-14 17:14:35,4.085422469823585,2025-05-12,False,0.9490445859872612,0.03821656050955414
Afternoon Run,Run,0.8834375,6.566666666666666,143.4,0.0,Easy Run,2025-05-14 16:43:27,7.433085721023464,2025-05-12,False,0.5477707006369427,0.17834394904458598
Afternoon Run,Run,0.7588124999999999,6.016666666666667,130.4,0.0,Warmup/Cooldown,2025-05-14 16:24:09,7.929055816379761,2025-05-12,True,,
Afternoon Run,Run,5.3894375000000005,42.4,157.2,145.3,None,2025-05-13 16:17:54,7.867240319606637,2025-05-12,False,0.19745222929936307,0.732484076433121
Afternoon Run,Run,0.70375,4.8,133.0,0.0,Easy Run,2025-05-13 16:01:02,6.820603907637655,2025-05-12,False,0.7961783439490446,0.12738853503184713
Afternoon Run,Run,0.586375,4.933333333333334,147.6,0.0,Warmup/Cooldown,2025-05-12 17:45:05,8.413273644567612,2025-05-12,True,,
6x 300m speed somethings,Run,1.1299375,4.666666666666667,132.8,0.0,None,2025-05-12 17:15:03,4.13002194074156,2025-05-12,False,0.9426751592356688,0.2484076433121019
Afternoon Run,Run,1.160875,9.05,157.3,13.2,Easy Run,2025-05-12 16:58:51,7.795843652417357,2025-05-12,False,0.2356687898089172,0.25477707006369427
Wu,Run,0.7695624999999999,4.833333333333333,140.9,0.0,Warmup/Cooldown,2025-05-12 16:37:04,6.280624813882347,2025-05-12,False,0.8152866242038217,0.16560509554140126
KingCo and marathon grind begins!,Run,6.971375,50.5,161.4,206.3,None,2025-05-10 08:12:43,7.243908124293988,2025-05-05,False,0.6496815286624203,0.8598726114649682
Liberty Twilight - 4:33.74 PR!,Run,1.0280625,4.55,151.6,0.0,Race,2025-05-09 20:31:10,4.425800960544714,2025-05-05,False,0.8980891719745223,0.21656050955414013
Evening Run,Run,0.6296875,4.833333333333333,148.8,0.0,Warmup/Cooldown,2025-05-09 20:09:28,7.675765095119934,2025-05-05,True,,
Wu,Run,0.7916249999999999,6.6,143.3,8.3,Warmup/Cooldown,2025-05-09 19:52:46,8.337280909521555,2025-05-05,True,,
Afternoon Run,Run,0.522875,4.783333333333333,122.3,0.0,Warmup/Cooldown,2025-05-09 16:17:34,9.148139293967647,2025-05-05,True,,
Three Mile Loop Forever ‚ù§Ô∏è,Run,3.0210000000000004,23.266666666666666,138.2,37.6,None,2025-05-08 16:40:38,7.701644047224979,2025-05-05,False,0.33121019108280253,0.5031847133757962
Afternoon Run,Run,0.7602500000000001,5.85,134.1,0.0,Warmup/Cooldown,2025-05-08 16:13:18,7.694837224597171,2025-05-05,True,,
Afternoon Run,Run,5.0355625,39.31666666666667,133.0,75.6,None,2025-05-07 16:41:45,7.807800353320343,2025-05-05,False,0.2229299363057325,0.7006369426751592
4x400 - Leg 2,Run,0.25193750000000004,0.9,140.1,0.0,Race,2025-05-06 20:06:41,3.5723145621433883,2025-05-05,False,1.0,0.006369426751592357
Evening Run,Run,0.5129375,4.733333333333333,166.0,9.8,Warmup/Cooldown,2025-05-06 19:14:13,9.227894886479021,2025-05-05,True,,
All-City 800m - 2:02.87 PR,Run,0.51025,2.05,135.5,0.0,Race,2025-05-06 18:47:27,4.017638412542871,2025-05-05,False,0.9617834394904459,0.10191082802547771
Evening Run,Run,0.953,7.916666666666667,140.7,25.4,Warmup/Cooldown,2025-05-06 18:14:08,8.307100384749914,2025-05-05,True,,
Afternoon Run,Run,3.8416875,29.4,148.6,32.9,None,2025-05-05 17:01:09,7.6528869149299625,2025-05-05,False,0.3503184713375796,0.5605095541401274
Afternoon Run,Run,0.7580625000000001,6.166666666666667,139.0,0.0,Warmup/Cooldown,2025-05-05 16:22:07,8.134773408085305,2025-05-05,True,,
Shoreline part 3 - 4x400 leg 2 ~55s,Run,0.2554375,0.9166666666666666,151.0,0.0,Race,2025-05-03 16:34:21,3.5886143055215727,2025-04-28,False,0.9872611464968153,0.01910828025477707
Shoreline part 2 - 800m ~2:04,Run,0.5131875,2.0833333333333335,155.4,0.0,Race,2025-05-03 15:07:19,4.059594852433727,2025-04-28,False,0.9554140127388535,0.11464968152866242
Afternoon Run,Run,0.594375,5.4,146.7,4.1,Warmup/Cooldown,2025-05-03 14:33:34,9.085173501577287,2025-04-28,True,,
Lunch Run,Run,1.3888125,11.383333333333333,159.8,5.0,Easy Run,2025-05-03 11:57:36,8.196450804794264,2025-04-28,False,0.12101910828025478,0.2929936305732484
DMR 1600 leg ~4:41,Run,1.04375,4.65,154.8,0.0,Race,2025-05-03 11:22:09,4.455089820359282,2025-04-28,False,0.89171974522293,0.22929936305732485
Morning Run,Run,1.3745625000000001,11.75,140.9,5.9,Easy Run,2025-05-03 10:31:25,8.54817441913336,2025-04-28,False,0.07643312101910828,0.28662420382165604
Afternoon Run,Run,2.7367500000000002,21.8,132.7,36.7,Easy Run,2025-05-02 16:52:31,7.9656526902347675,2025-04-28,False,0.17197452229299362,0.43312101910828027
Afternoon Run,Run,0.7671875,6.183333333333334,129.0,0.0,Warmup/Cooldown,2025-05-02 16:22:23,8.059742023082146,2025-04-28,True,,
Senior Night 3200 - good vibes only,Run,2.0180000000000002,10.55,177.3,0.0,None,2025-05-01 18:45:32,5.2279484638255695,2025-04-28,False,0.8471337579617835,0.35668789808917195
Afternoon Run,Run,0.7646875,6.7,135.1,0.0,Warmup/Cooldown,2025-05-01 15:18:39,8.761749080506744,2025-04-28,True,,
Taper Time!,Run,2.9183125000000003,22.616666666666667,145.0,38.5,Easy Run,2025-04-30 16:52:17,7.749912549347154,2025-04-28,False,0.28662420382165604,0.46496815286624205
Run,Run,5.7123125,46.65,143.5,132.9,None,2025-04-29 17:05:52,8.166570018709585,2025-04-28,False,0.1337579617834395,0.7579617834394905
Afternoon Run,Run,0.48700000000000004,2.45,104.0,0.0,None,2025-04-29 16:55:23,5.030800821355236,2025-04-28,False,0.8598726114649682,0.07006369426751592
Afternoon Run,Run,0.7680625000000001,5.816666666666666,150.9,0.0,Easy Run,2025-04-29 16:08:54,7.573168416198767,2025-04-28,False,0.42038216560509556,0.1592356687898089
Broken 400s - ‚ÄòNuff said ü´†,Run,1.2418125,4.966666666666667,124.3,0.0,Workout,2025-04-28 17:14:18,3.9995302565134967,2025-04-28,False,0.9681528662420382,0.2802547770700637
Afternoon Run,Run,0.7281875,5.85,137.8,0.0,Warmup/Cooldown,2025-04-28 16:59:13,8.033645180671186,2025-04-28,True,,
Wu,Run,0.7574375000000001,5.966666666666667,135.2,0.0,Warmup/Cooldown,2025-04-28 16:29:56,7.877437632367906,2025-04-28,True,,
Federal Way Invite (0/5 stars) 800m - 2:04.54,Run,0.5006875000000001,1.95,159.8,9.3,Race,2025-04-26 17:13:47,3.8946448633129442,2025-04-21,False,0.9808917197452229,0.07643312101910828
Afternoon Run,Run,0.470875,3.3833333333333333,150.4,10.2,Easy Run,2025-04-26 16:56:34,7.185204849128396,2025-04-21,False,0.6878980891719745,0.05732484076433121
Morning Run,Run,0.44793750000000004,3.9166666666666665,126.8,9.9,Warmup/Cooldown,2025-04-26 07:55:09,8.743779359099575,2025-04-21,True,,
Afternoon Run,Run,5.4744375000000005,40.016666666666666,144.7,59.9,None,2025-04-25 16:51:26,7.309731212871946,2025-04-21,False,0.6178343949044586,0.7388535031847133
Wu,Run,0.7596875,5.95,134.9,0.0,Warmup/Cooldown,2025-04-25 16:10:58,7.8321678321678325,2025-04-21,True,,
ü§© @ELI STEUNKEL ü§©,Run,6.111875,47.1,142.6,116.5,None,2025-04-24 16:59:33,7.7063094385929025,2025-04-21,False,0.31210191082802546,0.7834394904458599
Wu,Run,0.76725,5.966666666666667,135.3,0.0,Warmup/Cooldown,2025-04-24 16:34:15,7.77669164765939,2025-04-21,True,,
800m TT ~2:05,Run,0.5029375,2.0833333333333335,,0.0,Race,2025-04-23 22:45:00,4.142330475125306,2025-04-21,False,0.9299363057324841,0.08598726114649681
Afternoon Run,Run,1.6003125,16.166666666666668,146.3,5.0,Easy Run,2025-04-23 16:09:33,10.102193581982686,2025-04-21,False,0.012738853503184714,0.33121019108280253
Afternoon Run,Run,3.9446875,31.516666666666666,148.5,46.7,None,2025-04-22 17:00:20,7.989648525178906,2025-04-21,False,0.16560509554140126,0.5732484076433121
250m shakeouts premeet,Run,0.273625,1.15,109.4,0.0,Easy Run,2025-04-22 16:51:05,4.202832343535861,2025-04-21,False,0.9171974522292994,0.03184713375796178
Afternoon Run,Run,0.38506250000000003,2.75,122.6,0.0,Easy Run,2025-04-22 16:40:37,7.14169777633501,2025-04-21,False,0.7006369426751592,0.044585987261146494
Wu,Run,0.76225,5.416666666666667,145.6,0.0,Warmup/Cooldown,2025-04-22 16:08:47,7.106155023504975,2025-04-21,False,0.7133757961783439,0.1464968152866242
Cd,Run,1.032375,8.1,,0.0,Warmup/Cooldown,2025-04-21 18:02:53,7.845986196876135,2025-04-21,False,0.20382165605095542,0.2229299363057325
400m repeats,Run,2.939625,14.116666666666667,156.0,0.0,Workout,2025-04-21 17:16:57,4.802199827075449,2025-04-21,False,0.8726114649681529,0.4713375796178344
Wu,Run,0.761375,5.8,140.7,0.0,Warmup/Cooldown,2025-04-21 16:39:16,7.617796749302249,2025-04-21,True,,
UW Admitted Student Day,Run,10.210375,74.5,148.1,233.5,Long Run,2025-04-19 17:35:44,7.29649988369673,2025-04-14,False,0.6369426751592356,0.9490445859872612
Afternoon Run,Run,7.092375,52.06666666666667,152.0,175.0,None,2025-04-18 16:58:38,7.341217387217494,2025-04-14,False,0.6050955414012739,0.8726114649681529
Afternoon Run,Run,0.77,6.116666666666666,139.5,0.0,Warmup/Cooldown,2025-04-18 16:24:08,7.943722943722943,2025-04-14,True,,
Cd,Run,1.23325,10.433333333333334,154.6,0.0,Warmup/Cooldown,2025-04-17 19:27:42,8.460031083181297,2025-04-14,False,0.08280254777070063,0.27388535031847133
800m - 2:03.53 massive PR and Kingco Qual?,Run,0.4851875,2.05,159.4,0.0,Race,2025-04-17 17:54:16,4.2251706814375884,2025-04-14,False,0.910828025477707,0.06369426751592357
Afternoon Run,Run,3.0224374999999997,24.283333333333335,158.9,38.7,None,2025-04-16 17:19:44,8.034354170543919,2025-04-14,False,0.1592356687898089,0.5095541401273885
Shakeout workout,Run,0.5364375,2.25,110.0,0.0,Easy Run,2025-04-16 16:59:21,4.194337644180356,2025-04-14,False,0.9235668789808917,0.12101910828025478
Afternoon Run,Run,0.324,2.966666666666667,142.2,0.0,Warmup/Cooldown,2025-04-16 16:48:38,9.156378600823045,2025-04-14,True,,
Wu,Run,0.774875,6.433333333333334,138.4,0.0,Warmup/Cooldown,2025-04-16 16:12:53,8.302414367908803,2025-04-14,True,,
Afternoon Run,Run,2.0138125,15.85,138.1,26.8,Easy Run,2025-04-15 16:38:23,7.870643369231248,2025-04-14,False,0.1910828025477707,0.3503184713375796
Wu,Run,0.778125,6.066666666666666,138.7,0.0,Warmup/Cooldown,2025-04-15 16:10:32,7.796519410977242,2025-04-14,True,,
Cd,Run,0.5169375,5.316666666666666,147.0,0.0,Warmup/Cooldown,2025-04-14 17:54:41,10.284931286019424,2025-04-14,True,,
Igloi 100s,Run,6.0046875,41.21666666666667,171.8,0.0,None,2025-04-14 17:01:05,6.864081880475323,2025-04-14,False,0.7834394904458599,0.7707006369426752
Wu,Run,1.16575,9.55,149.1,13.4,Warmup/Cooldown,2025-04-14 16:39:31,8.192150975766674,2025-04-14,False,0.12738853503184713,0.2611464968152866
Long run,Run,10.300437500000001,72.05,166.4,19.2,Long Run,2025-04-12 09:23:51,6.994848519783746,2025-04-07,False,0.7452229299363057,0.9554140127388535
Cd,Run,1.116125,8.983333333333333,160.8,42.9,Warmup/Cooldown,2025-04-11 16:12:44,8.048680330010825,2025-04-07,False,0.15286624203821655,0.24203821656050956
400m repeats,Run,3.0171249999999996,14.05,138.0,0.0,Workout,2025-04-11 15:24:46,4.656751046111779,2025-04-07,False,0.8853503184713376,0.4968152866242038
Wu,Run,1.5858125,11.466666666666667,136.1,14.5,Warmup/Cooldown,2025-04-11 15:06:20,7.230783378657103,2025-04-07,False,0.6624203821656051,0.3248407643312102
Afternoon Run,Run,4.5655,35.0,144.9,108.6,None,2025-04-10 17:30:37,7.666192092870441,2025-04-07,False,0.3375796178343949,0.6496815286624203
More treadmill,Run,6.466125,45.0,,0.0,None,2025-04-09 01:45:00,6.9593458214927795,2025-04-07,False,0.7579617834394905,0.802547770700637
Treadmill,Run,6.537999999999999,45.0,,0.0,None,2025-04-08 03:02:39,6.882838788620374,2025-04-07,False,0.7770700636942676,0.8152866242038217
Treadmill,Run,6.0350625,45.0,,0.0,None,2025-04-06 22:29:44,7.456426507596234,2025-03-31,False,0.5222929936305732,0.7770700636942676
Long Run,Run,10.732625,80.0,150.0,208.1,Long Run,2025-04-04 16:31:15,7.453908060702763,2025-03-31,False,0.535031847133758,0.9617834394904459
Wu,Run,0.7646875,6.033333333333333,133.4,0.0,Warmup/Cooldown,2025-04-04 16:09:50,7.8899332516006,2025-03-31,True,,
Cd,Run,0.27118749999999997,2.716666666666667,139.4,0.0,Warmup/Cooldown,2025-04-03 17:55:01,10.017669201813016,2025-03-31,True,,
See God,Run,1.20925,5.0,145.3,0.0,None,2025-04-03 16:55:20,4.134794293983875,2025-03-31,False,0.9363057324840764,0.267515923566879
Wuuu,Run,0.9201250000000001,8.066666666666666,145.3,13.2,Warmup/Cooldown,2025-04-03 16:37:43,8.76692478377032,2025-03-31,True,,
Wu,Run,0.7593125000000001,6.2,143.9,0.0,Warmup/Cooldown,2025-04-03 16:06:59,8.165281093094082,2025-03-31,True,,
High Jump Wu,Run,0.7558125,5.683333333333334,145.8,0.0,Warmup/Cooldown,2025-04-02 16:05:23,7.519501640067257,2025-03-31,False,0.47770700636942676,0.1337579617834395
Afternoon Run,Run,4.2714375,31.016666666666666,151.0,103.9,None,2025-04-02 13:06:01,7.261411800281911,2025-03-31,False,0.643312101910828,0.6242038216560509
Beyond the Spiderverse üï∑Ô∏è 2027,Run,7.109187500000001,50.0,152.6,50.0,None,2025-04-01 16:31:48,7.033152522703895,2025-03-31,False,0.732484076433121,0.8789808917197452
Wu,Run,0.7538125,6.183333333333334,127.0,0.0,Warmup/Cooldown,2025-04-01 16:04:51,8.20274714644999,2025-03-31,True,,
Steadier run,Run,8.009375,59.38333333333333,152.3,66.1,None,2025-03-31 16:51:02,7.4142281180907785,2025-03-31,False,0.5732484076433121,0.8980891719745223
Cd,Run,0.6325625,5.7,150.1,9.7,Warmup/Cooldown,2025-03-29 12:52:59,9.010967295721766,2025-03-24,True,,
Issaquah Ice Breaker 1600m ~4:44 SR,Run,1.0895000000000001,4.783333333333333,157.4,0.0,Race,2025-03-29 12:34:39,4.3903931467033805,2025-03-24,False,0.9044585987261147,0.2356687898089172
Wu,Run,1.0051875,8.15,130.5,7.5,Warmup/Cooldown,2025-03-29 12:01:22,8.107940060933906,2025-03-24,False,0.14012738853503184,0.19745222929936307
Pre-meet,Run,2.5169375,18.733333333333334,157.1,61.1,Easy Run,2025-03-28 18:38:29,7.442907634112223,2025-03-24,False,0.5414012738853503,0.37579617834394907
Cd,Run,0.5030625,4.433333333333334,126.7,0.0,Warmup/Cooldown,2025-03-27 18:47:05,8.812688946867107,2025-03-24,True,,
4x400 leg 3,Run,0.2605,0.9333333333333333,116.2,0.0,Race,2025-03-27 18:29:28,3.582853486884197,2025-03-24,False,0.9936305732484076,0.025477707006369428
3200 gapped by Max,Run,2.0270625,11.233333333333333,144.5,0.0,Race,2025-03-27 18:06:54,5.541680798363806,2025-03-24,False,0.8280254777070064,0.36942675159235666
Afternoon Run,Run,2.8689375,21.166666666666668,152.6,39.2,Easy Run,2025-03-27 16:10:06,7.377876536755042,2025-03-24,False,0.5859872611464968,0.4585987261146497
Wu,Run,0.42987499999999995,3.6,126.3,0.0,Warmup/Cooldown,2025-03-27 15:16:05,8.374527478918292,2025-03-24,True,,
Afternoon Run,Run,4.024375,31.25,136.9,0.0,None,2025-03-26 16:48:48,7.765180928715639,2025-03-24,False,0.267515923566879,0.5796178343949044
Cd,Run,0.9327500000000001,8.0,156.3,0.0,Warmup/Cooldown,2025-03-25 17:37:19,8.576789064593942,2025-03-24,True,,
Track workout,Run,3.7933749999999997,19.933333333333334,170.0,0.0,None,2025-03-25 16:48:04,5.254775321009216,2025-03-24,False,0.8407643312101911,0.554140127388535
Wu,Run,0.637375,4.9,145.2,0.0,Warmup/Cooldown,2025-03-25 16:34:15,7.687781918023142,2025-03-24,True,,
Wu,Run,0.7565000000000001,5.3,146.1,0.0,Warmup/Cooldown,2025-03-25 16:05:08,7.005948446794448,2025-03-24,False,0.7388535031847133,0.14012738853503184
Steady Run,Run,9.691875,69.98333333333333,141.1,120.9,Long Run,2025-03-24 16:54:32,7.2208250037617425,2025-03-24,False,0.6751592356687898,0.9235668789808917
Wu,Run,0.7740625,5.75,134.5,0.0,Warmup/Cooldown,2025-03-24 16:29:31,7.42834073475979,2025-03-24,False,0.554140127388535,0.17197452229299362
Cd,Run,2.019,16.683333333333334,150.5,13.5,Warmup/Cooldown,2025-03-22 14:08:54,8.263166584117549,2025-03-17,False,0.10191082802547771,0.3630573248407643
Lunch Run,Run,3.0408749999999998,23.683333333333334,156.6,52.1,None,2025-03-22 12:26:26,7.78832846905359,2025-03-17,False,0.2484076433121019,0.5222929936305732
DMR 1600 Leg 4:43.7 SR,Run,0.9794375,4.566666666666666,151.0,0.0,Race,2025-03-22 11:10:05,4.6625401484695725,2025-03-17,False,0.8789808917197452,0.18471337579617833
DMR WU,Run,1.3953125,12.466666666666667,135.8,4.0,Warmup/Cooldown,2025-03-22 10:09:57,8.934677118327734,2025-03-17,False,0.044585987261146494,0.29936305732484075
Wu,Run,0.5019375,4.733333333333333,121.9,0.0,Warmup/Cooldown,2025-03-22 08:14:36,9.430124932553023,2025-03-17,True,,
